/* Populate database with sample data. */
INSERT INTO animals (id, name, date_of_birth, escape_attempts, neutered, weight_kg)
VALUES (1, 'Agumon', '2020-02-03', 0, true, 10.23), (2, 'Gabumon', '2018-11-15', 2, true, 8), (3, 'Pikachu', '2021-01-07', 1, false, 15.04), (4, 'Devimon', '2017-05-12', 5, true, 11);

/* Project day 2 */
INSERT INTO animals (id, name, date_of_birth, escape_attempts, neutered, weight_kg) 
VALUES (5, 'Charmander', '2020-02-08', 0, false, 11), (6, 'Plantmon', '2021-11-15', 2, true, 5.7), (7, 'Squirtle', '1993-04-02', 3, false, 12.13), (8, 'Angemon', '2005-06-12', 1, true, 45), (9, 'Boarmon', '2005-06-07', 7, true, 20.04), (10, 'Blossom', '1998-10-13', 3, true, 17), (11, 'Ditto', '2022-05-14', 4, true, 22);

INSERT INTO owners (fullname, age)
VALUES
('Sam Smith', 34),
('Jennifer Orwell', 19),
('Bob', 45),
('Melody', 77),
('Dean Winchester', 14),
('Jodie Whittaker', 38);

INSERT INTO specie (name)
VALUES 
('Pokemon'),
('Digimon');

UPDATE animals 
SET species_id = (SELECT id FROM species WHERE name = 'Digimon')
WHERE name LIKE '%mon';

UPDATE animals 
SET species_id = (SELECT id FROM species WHERE name = 'Pokemon')
WHERE species_id IS NULL;

UPDATE animals
SET owner_id = (SELECT id FROM owners WHERE fullname = 'Sam Smith')
WHERE name ='Agumon';

UPDATE animals
SET owner_id = (SELECT id FROM owners WHERE fullname = 'Jennifer')
WHERE name IN ('Gabumon', 'Pikachu');

UPDATE animals
SET owner_id = (SELECT id FROM owners WHERE fullname = 'Bob')
WHERE name IN ('Devimon', 'Plantmon');

UPDATE animals
SET owner_id = (SELECT id FROM owners WHERE fullname = 'Melody Pond')
WHERE name IN ('Charmander', 'Squirtle', 'Blossom');

UPDATE animals
SET owner_id = (SELECT id FROM owners WHERE fullname = 'Dean Winchester')
WHERE name IN ('Angemon', 'Boarmon');

INSERT INTO vets (name, age, date_of_graduation)
VALUES
('Williams Tatcher', 45, '2000-04-23'),
('Maisy Smith', 26, '2019-01-17'),
('Stephanie Mendez', 64, '1981-05-04'),
('Jack Harkness', 38, '2008-06-08');

INSERT INTO specializations (vets_id, species_id)
VALUES
(1, 1),
(2, 2),
(3, 1),
(4, 2);

INSERT INTO visits (animal_id, vets_id, date_of_visits)
VALUES
(1, 1, '2020-05-24'),
(1, 3, '2020-07-22'),
(2, 4, '2021-02-02'),
(5, 2, '2020-01-05'),
(5, 2, '2020-03-08'),
(5, 2, '2020-05-14'),
(3, 3, '2021-05-04'),
(9, 4, '2021-02-24'),
(7, 2, '2019-12-21'),
(7, 1, '2020-08-10'),
(7, 2, '2021-04-07'),
(10, 3, '2019-09-29'),
(8, 4, '2020-10-03'),
(8, 4, '2020-11-04'),
(4, 2, '2019-01-24'),
(4, 2, '2019-05-15'),
(4, 2, '2020-02-27'),
(4, 2, '2020-08-03'),
(6, 3, '2020-05-24'),
(6, 1, '2021-01-11');